index,question,answer
0,"A basketball team played 28 games. They won 18 more than they lost. How many did they win? Please reason step by step, and put your final answer within \boxed{answer} as an integer.",23
1,"A football team played 20 games. They won 6 more than they lost. How many did they win? Please reason step by step, and put your final answer within \boxed{answer} as an integer.",13
2,"A football team played 16 games. They won 2 more than they lost. How many did they win? Please reason step by step, and put your final answer within \boxed{answer} as an integer.",9
3,"A volleyball team played 30 matches. They won 18 more than they lost. How many did they win? Please reason step by step, and put your final answer within \boxed{answer} as an integer.",24
4,"A hockey team played 18 games. They won 2 more than they lost. How many did they win? Please reason step by step, and put your final answer within \boxed{answer} as an integer.",10
5,"A volleyball team played 22 matches. They won 2 more than they lost. How many did they win? Please reason step by step, and put your final answer within \boxed{answer} as an integer.",12
6,"A basketball team played 26 games. They won 4 more than they lost. How many did they win? Please reason step by step, and put your final answer within \boxed{answer} as an integer.",15
7,"A baseball team played 30 games. They won 24 more than they lost. How many did they win? Please reason step by step, and put your final answer within \boxed{answer} as an integer.",27
8,"A volleyball team played 30 matches. They won 24 more than they lost. How many did they win? Please reason step by step, and put your final answer within \boxed{answer} as an integer.",27
9,"A football team played 30 games. They won 12 more than they lost. How many did they win? Please reason step by step, and put your final answer within \boxed{answer} as an integer.",21
10,"A baseball team played 20 games. They won 12 more than they lost. How many did they win? Please reason step by step, and put your final answer within \boxed{answer} as an integer.",16
11,"A soccer team played 32 matches. They won 2 more than they lost. How many did they win? Please reason step by step, and put your final answer within \boxed{answer} as an integer.",17
12,"A basketball team played 32 games. They won 16 more than they lost. How many did they win? Please reason step by step, and put your final answer within \boxed{answer} as an integer.",24
13,"A hockey team played 20 games. They won 6 more than they lost. How many did they win? Please reason step by step, and put your final answer within \boxed{answer} as an integer.",13
14,"A baseball team played 18 games. They won 12 more than they lost. How many did they win? Please reason step by step, and put your final answer within \boxed{answer} as an integer.",15
15,"A baseball team played 26 games. They won 16 more than they lost. How many did they win? Please reason step by step, and put your final answer within \boxed{answer} as an integer.",21
16,"A volleyball team played 18 matches. They won 10 more than they lost. How many did they win? Please reason step by step, and put your final answer within \boxed{answer} as an integer.",14
17,"A volleyball team played 28 matches. They won 18 more than they lost. How many did they win? Please reason step by step, and put your final answer within \boxed{answer} as an integer.",23
18,"A hockey team played 16 games. They won 10 more than they lost. How many did they win? Please reason step by step, and put your final answer within \boxed{answer} as an integer.",13
19,"A volleyball team played 16 matches. They won 12 more than they lost. How many did they win? Please reason step by step, and put your final answer within \boxed{answer} as an integer.",14
20,"A soccer team played 32 matches. They won 14 more than they lost. How many did they win? Please reason step by step, and put your final answer within \boxed{answer} as an integer.",23
21,"A hockey team played 20 games. They won 8 more than they lost. How many did they win? Please reason step by step, and put your final answer within \boxed{answer} as an integer.",14
22,"A volleyball team played 24 matches. They won 4 more than they lost. How many did they win? Please reason step by step, and put your final answer within \boxed{answer} as an integer.",14
23,"A hockey team played 24 games. They won 18 more than they lost. How many did they win? Please reason step by step, and put your final answer within \boxed{answer} as an integer.",21
24,"A baseball team played 16 games. They won 6 more than they lost. How many did they win? Please reason step by step, and put your final answer within \boxed{answer} as an integer.",11
25,"A basketball team played 22 games. They won 4 more than they lost. How many did they win? Please reason step by step, and put your final answer within \boxed{answer} as an integer.",13
26,"A baseball team played 28 games. They won 4 more than they lost. How many did they win? Please reason step by step, and put your final answer within \boxed{answer} as an integer.",16
27,"A soccer team played 22 matches. They won 8 more than they lost. How many did they win? Please reason step by step, and put your final answer within \boxed{answer} as an integer.",15
28,"A basketball team played 24 games. They won 4 more than they lost. How many did they win? Please reason step by step, and put your final answer within \boxed{answer} as an integer.",14
29,"A basketball team played 16 games. They won 10 more than they lost. How many did they win? Please reason step by step, and put your final answer within \boxed{answer} as an integer.",13
30,"A football team played 20 games. They won 8 more than they lost. How many did they win? Please reason step by step, and put your final answer within \boxed{answer} as an integer.",14
31,"A football team played 32 games. They won 14 more than they lost. How many did they win? Please reason step by step, and put your final answer within \boxed{answer} as an integer.",23
32,"A basketball team played 18 games. They won 4 more than they lost. How many did they win? Please reason step by step, and put your final answer within \boxed{answer} as an integer.",11
33,"A hockey team played 18 games. They won 14 more than they lost. How many did they win? Please reason step by step, and put your final answer within \boxed{answer} as an integer.",16
34,"A football team played 20 games. They won 2 more than they lost. How many did they win? Please reason step by step, and put your final answer within \boxed{answer} as an integer.",11
35,"A football team played 22 games. They won 10 more than they lost. How many did they win? Please reason step by step, and put your final answer within \boxed{answer} as an integer.",16
36,"A soccer team played 32 matches. They won 10 more than they lost. How many did they win? Please reason step by step, and put your final answer within \boxed{answer} as an integer.",21
37,"A soccer team played 16 matches. They won 4 more than they lost. How many did they win? Please reason step by step, and put your final answer within \boxed{answer} as an integer.",10
38,"A hockey team played 28 games. They won 2 more than they lost. How many did they win? Please reason step by step, and put your final answer within \boxed{answer} as an integer.",15
39,"A hockey team played 26 games. They won 22 more than they lost. How many did they win? Please reason step by step, and put your final answer within \boxed{answer} as an integer.",24
40,"A volleyball team played 30 matches. They won 20 more than they lost. How many did they win? Please reason step by step, and put your final answer within \boxed{answer} as an integer.",25
41,"A baseball team played 30 games. They won 8 more than they lost. How many did they win? Please reason step by step, and put your final answer within \boxed{answer} as an integer.",19
42,"A volleyball team played 20 matches. They won 2 more than they lost. How many did they win? Please reason step by step, and put your final answer within \boxed{answer} as an integer.",11
43,"A football team played 24 games. They won 12 more than they lost. How many did they win? Please reason step by step, and put your final answer within \boxed{answer} as an integer.",18
44,"A football team played 20 games. They won 12 more than they lost. How many did they win? Please reason step by step, and put your final answer within \boxed{answer} as an integer.",16
45,"A hockey team played 22 games. They won 18 more than they lost. How many did they win? Please reason step by step, and put your final answer within \boxed{answer} as an integer.",20
46,"A soccer team played 20 matches. They won 16 more than they lost. How many did they win? Please reason step by step, and put your final answer within \boxed{answer} as an integer.",18
47,"A hockey team played 26 games. They won 12 more than they lost. How many did they win? Please reason step by step, and put your final answer within \boxed{answer} as an integer.",19
48,"A baseball team played 18 games. They won 14 more than they lost. How many did they win? Please reason step by step, and put your final answer within \boxed{answer} as an integer.",16
49,"A basketball team played 16 games. They won 4 more than they lost. How many did they win? Please reason step by step, and put your final answer within \boxed{answer} as an integer.",10
50,"A hockey team played 30 games. They won 6 more than they lost. How many did they win? Please reason step by step, and put your final answer within \boxed{answer} as an integer.",18
51,"A soccer team played 18 matches. They won 10 more than they lost. How many did they win? Please reason step by step, and put your final answer within \boxed{answer} as an integer.",14
52,"A hockey team played 28 games. They won 10 more than they lost. How many did they win? Please reason step by step, and put your final answer within \boxed{answer} as an integer.",19
53,"A soccer team played 18 matches. They won 4 more than they lost. How many did they win? Please reason step by step, and put your final answer within \boxed{answer} as an integer.",11
54,"A volleyball team played 22 matches. They won 12 more than they lost. How many did they win? Please reason step by step, and put your final answer within \boxed{answer} as an integer.",17
55,"A football team played 26 games. They won 4 more than they lost. How many did they win? Please reason step by step, and put your final answer within \boxed{answer} as an integer.",15
56,"A hockey team played 22 games. They won 8 more than they lost. How many did they win? Please reason step by step, and put your final answer within \boxed{answer} as an integer.",15
57,"A football team played 32 games. They won 16 more than they lost. How many did they win? Please reason step by step, and put your final answer within \boxed{answer} as an integer.",24
58,"A soccer team played 28 matches. They won 18 more than they lost. How many did they win? Please reason step by step, and put your final answer within \boxed{answer} as an integer.",23
59,"A baseball team played 20 games. They won 10 more than they lost. How many did they win? Please reason step by step, and put your final answer within \boxed{answer} as an integer.",15
60,"A hockey team played 26 games. They won 18 more than they lost. How many did they win? Please reason step by step, and put your final answer within \boxed{answer} as an integer.",22
61,"A hockey team played 32 games. They won 20 more than they lost. How many did they win? Please reason step by step, and put your final answer within \boxed{answer} as an integer.",26
62,"A volleyball team played 32 matches. They won 22 more than they lost. How many did they win? Please reason step by step, and put your final answer within \boxed{answer} as an integer.",27
63,"A baseball team played 26 games. They won 10 more than they lost. How many did they win? Please reason step by step, and put your final answer within \boxed{answer} as an integer.",18
64,"A volleyball team played 30 matches. They won 8 more than they lost. How many did they win? Please reason step by step, and put your final answer within \boxed{answer} as an integer.",19
65,"A volleyball team played 16 matches. They won 6 more than they lost. How many did they win? Please reason step by step, and put your final answer within \boxed{answer} as an integer.",11
66,"A baseball team played 24 games. They won 18 more than they lost. How many did they win? Please reason step by step, and put your final answer within \boxed{answer} as an integer.",21
67,"A football team played 16 games. They won 10 more than they lost. How many did they win? Please reason step by step, and put your final answer within \boxed{answer} as an integer.",13
68,"A basketball team played 16 games. They won 2 more than they lost. How many did they win? Please reason step by step, and put your final answer within \boxed{answer} as an integer.",9
69,"A hockey team played 26 games. They won 20 more than they lost. How many did they win? Please reason step by step, and put your final answer within \boxed{answer} as an integer.",23
70,"A volleyball team played 32 matches. They won 8 more than they lost. How many did they win? Please reason step by step, and put your final answer within \boxed{answer} as an integer.",20
71,"A baseball team played 22 games. They won 8 more than they lost. How many did they win? Please reason step by step, and put your final answer within \boxed{answer} as an integer.",15
72,"A basketball team played 20 games. They won 14 more than they lost. How many did they win? Please reason step by step, and put your final answer within \boxed{answer} as an integer.",17
73,"A hockey team played 20 games. They won 10 more than they lost. How many did they win? Please reason step by step, and put your final answer within \boxed{answer} as an integer.",15
74,"A soccer team played 18 matches. They won 8 more than they lost. How many did they win? Please reason step by step, and put your final answer within \boxed{answer} as an integer.",13
75,"A basketball team played 26 games. They won 18 more than they lost. How many did they win? Please reason step by step, and put your final answer within \boxed{answer} as an integer.",22
76,"A hockey team played 24 games. They won 10 more than they lost. How many did they win? Please reason step by step, and put your final answer within \boxed{answer} as an integer.",17
77,"A football team played 28 games. They won 14 more than they lost. How many did they win? Please reason step by step, and put your final answer within \boxed{answer} as an integer.",21
78,"A soccer team played 30 matches. They won 6 more than they lost. How many did they win? Please reason step by step, and put your final answer within \boxed{answer} as an integer.",18
79,"A soccer team played 24 matches. They won 10 more than they lost. How many did they win? Please reason step by step, and put your final answer within \boxed{answer} as an integer.",17
80,"A volleyball team played 28 matches. They won 4 more than they lost. How many did they win? Please reason step by step, and put your final answer within \boxed{answer} as an integer.",16
81,"A baseball team played 20 games. They won 12 more than they lost. How many did they win? Please reason step by step, and put your final answer within \boxed{answer} as an integer.",16
82,"A soccer team played 20 matches. They won 8 more than they lost. How many did they win? Please reason step by step, and put your final answer within \boxed{answer} as an integer.",14
83,"A baseball team played 32 games. They won 6 more than they lost. How many did they win? Please reason step by step, and put your final answer within \boxed{answer} as an integer.",19
84,"A volleyball team played 28 matches. They won 14 more than they lost. How many did they win? Please reason step by step, and put your final answer within \boxed{answer} as an integer.",21
85,"A hockey team played 30 games. They won 20 more than they lost. How many did they win? Please reason step by step, and put your final answer within \boxed{answer} as an integer.",25
86,"A football team played 24 games. They won 6 more than they lost. How many did they win? Please reason step by step, and put your final answer within \boxed{answer} as an integer.",15
87,"A football team played 32 games. They won 4 more than they lost. How many did they win? Please reason step by step, and put your final answer within \boxed{answer} as an integer.",18
88,"A volleyball team played 24 matches. They won 2 more than they lost. How many did they win? Please reason step by step, and put your final answer within \boxed{answer} as an integer.",13
89,"A basketball team played 24 games. They won 14 more than they lost. How many did they win? Please reason step by step, and put your final answer within \boxed{answer} as an integer.",19
90,"A basketball team played 26 games. They won 10 more than they lost. How many did they win? Please reason step by step, and put your final answer within \boxed{answer} as an integer.",18
91,"A hockey team played 26 games. They won 4 more than they lost. How many did they win? Please reason step by step, and put your final answer within \boxed{answer} as an integer.",15
92,"A basketball team played 18 games. They won 10 more than they lost. How many did they win? Please reason step by step, and put your final answer within \boxed{answer} as an integer.",14
93,"A baseball team played 24 games. They won 10 more than they lost. How many did they win? Please reason step by step, and put your final answer within \boxed{answer} as an integer.",17
94,"A baseball team played 28 games. They won 14 more than they lost. How many did they win? Please reason step by step, and put your final answer within \boxed{answer} as an integer.",21
95,"A volleyball team played 28 matches. They won 22 more than they lost. How many did they win? Please reason step by step, and put your final answer within \boxed{answer} as an integer.",25
96,"A basketball team played 26 games. They won 4 more than they lost. How many did they win? Please reason step by step, and put your final answer within \boxed{answer} as an integer.",15
97,"A hockey team played 18 games. They won 8 more than they lost. How many did they win? Please reason step by step, and put your final answer within \boxed{answer} as an integer.",13
98,"A hockey team played 20 games. They won 8 more than they lost. How many did they win? Please reason step by step, and put your final answer within \boxed{answer} as an integer.",14
99,"A soccer team played 26 matches. They won 4 more than they lost. How many did they win? Please reason step by step, and put your final answer within \boxed{answer} as an integer.",15
100,"A hockey team played 28 games. They won 24 more than they lost. How many did they win? Please reason step by step, and put your final answer within \boxed{answer} as an integer.",26
101,"A football team played 18 games. They won 6 more than they lost. How many did they win? Please reason step by step, and put your final answer within \boxed{answer} as an integer.",12
102,"A volleyball team played 18 matches. They won 4 more than they lost. How many did they win? Please reason step by step, and put your final answer within \boxed{answer} as an integer.",11
103,"A soccer team played 30 matches. They won 16 more than they lost. How many did they win? Please reason step by step, and put your final answer within \boxed{answer} as an integer.",23
104,"A soccer team played 28 matches. They won 16 more than they lost. How many did they win? Please reason step by step, and put your final answer within \boxed{answer} as an integer.",22
105,"A basketball team played 18 games. They won 2 more than they lost. How many did they win? Please reason step by step, and put your final answer within \boxed{answer} as an integer.",10
106,"A hockey team played 16 games. They won 4 more than they lost. How many did they win? Please reason step by step, and put your final answer within \boxed{answer} as an integer.",10
107,"A baseball team played 22 games. They won 14 more than they lost. How many did they win? Please reason step by step, and put your final answer within \boxed{answer} as an integer.",18
108,"A volleyball team played 28 matches. They won 12 more than they lost. How many did they win? Please reason step by step, and put your final answer within \boxed{answer} as an integer.",20
109,"A hockey team played 24 games. They won 12 more than they lost. How many did they win? Please reason step by step, and put your final answer within \boxed{answer} as an integer.",18
110,"A baseball team played 20 games. They won 14 more than they lost. How many did they win? Please reason step by step, and put your final answer within \boxed{answer} as an integer.",17
111,"A baseball team played 24 games. They won 2 more than they lost. How many did they win? Please reason step by step, and put your final answer within \boxed{answer} as an integer.",13
112,"A hockey team played 18 games. They won 14 more than they lost. How many did they win? Please reason step by step, and put your final answer within \boxed{answer} as an integer.",16
113,"A basketball team played 26 games. They won 12 more than they lost. How many did they win? Please reason step by step, and put your final answer within \boxed{answer} as an integer.",19
114,"A soccer team played 30 matches. They won 4 more than they lost. How many did they win? Please reason step by step, and put your final answer within \boxed{answer} as an integer.",17
115,"A basketball team played 18 games. They won 14 more than they lost. How many did they win? Please reason step by step, and put your final answer within \boxed{answer} as an integer.",16
116,"A baseball team played 28 games. They won 22 more than they lost. How many did they win? Please reason step by step, and put your final answer within \boxed{answer} as an integer.",25
117,"A football team played 16 games. They won 10 more than they lost. How many did they win? Please reason step by step, and put your final answer within \boxed{answer} as an integer.",13
118,"A basketball team played 20 games. They won 12 more than they lost. How many did they win? Please reason step by step, and put your final answer within \boxed{answer} as an integer.",16
119,"A baseball team played 22 games. They won 14 more than they lost. How many did they win? Please reason step by step, and put your final answer within \boxed{answer} as an integer.",18
120,"A hockey team played 20 games. They won 10 more than they lost. How many did they win? Please reason step by step, and put your final answer within \boxed{answer} as an integer.",15
121,"A hockey team played 22 games. They won 10 more than they lost. How many did they win? Please reason step by step, and put your final answer within \boxed{answer} as an integer.",16
122,"A hockey team played 16 games. They won 4 more than they lost. How many did they win? Please reason step by step, and put your final answer within \boxed{answer} as an integer.",10
123,"A soccer team played 24 matches. They won 8 more than they lost. How many did they win? Please reason step by step, and put your final answer within \boxed{answer} as an integer.",16
124,"A hockey team played 16 games. They won 6 more than they lost. How many did they win? Please reason step by step, and put your final answer within \boxed{answer} as an integer.",11
125,"A hockey team played 16 games. They won 12 more than they lost. How many did they win? Please reason step by step, and put your final answer within \boxed{answer} as an integer.",14
126,"A baseball team played 20 games. They won 12 more than they lost. How many did they win? Please reason step by step, and put your final answer within \boxed{answer} as an integer.",16
127,"A basketball team played 20 games. They won 6 more than they lost. How many did they win? Please reason step by step, and put your final answer within \boxed{answer} as an integer.",13
128,"A hockey team played 18 games. They won 12 more than they lost. How many did they win? Please reason step by step, and put your final answer within \boxed{answer} as an integer.",15
129,"A football team played 22 games. They won 10 more than they lost. How many did they win? Please reason step by step, and put your final answer within \boxed{answer} as an integer.",16
130,"A football team played 32 games. They won 2 more than they lost. How many did they win? Please reason step by step, and put your final answer within \boxed{answer} as an integer.",17
131,"A hockey team played 30 games. They won 16 more than they lost. How many did they win? Please reason step by step, and put your final answer within \boxed{answer} as an integer.",23
132,"A hockey team played 30 games. They won 24 more than they lost. How many did they win? Please reason step by step, and put your final answer within \boxed{answer} as an integer.",27
133,"A volleyball team played 28 matches. They won 6 more than they lost. How many did they win? Please reason step by step, and put your final answer within \boxed{answer} as an integer.",17
134,"A hockey team played 32 games. They won 26 more than they lost. How many did they win? Please reason step by step, and put your final answer within \boxed{answer} as an integer.",29
135,"A soccer team played 22 matches. They won 6 more than they lost. How many did they win? Please reason step by step, and put your final answer within \boxed{answer} as an integer.",14
136,"A football team played 20 games. They won 8 more than they lost. How many did they win? Please reason step by step, and put your final answer within \boxed{answer} as an integer.",14
137,"A basketball team played 20 games. They won 4 more than they lost. How many did they win? Please reason step by step, and put your final answer within \boxed{answer} as an integer.",12
138,"A baseball team played 18 games. They won 6 more than they lost. How many did they win? Please reason step by step, and put your final answer within \boxed{answer} as an integer.",12
139,"A hockey team played 20 games. They won 10 more than they lost. How many did they win? Please reason step by step, and put your final answer within \boxed{answer} as an integer.",15
140,"A soccer team played 30 matches. They won 24 more than they lost. How many did they win? Please reason step by step, and put your final answer within \boxed{answer} as an integer.",27
141,"A football team played 30 games. They won 2 more than they lost. How many did they win? Please reason step by step, and put your final answer within \boxed{answer} as an integer.",16
142,"A hockey team played 18 games. They won 8 more than they lost. How many did they win? Please reason step by step, and put your final answer within \boxed{answer} as an integer.",13
143,"A soccer team played 30 matches. They won 2 more than they lost. How many did they win? Please reason step by step, and put your final answer within \boxed{answer} as an integer.",16
144,"A soccer team played 30 matches. They won 8 more than they lost. How many did they win? Please reason step by step, and put your final answer within \boxed{answer} as an integer.",19
145,"A basketball team played 20 games. They won 14 more than they lost. How many did they win? Please reason step by step, and put your final answer within \boxed{answer} as an integer.",17
146,"A volleyball team played 22 matches. They won 14 more than they lost. How many did they win? Please reason step by step, and put your final answer within \boxed{answer} as an integer.",18
147,"A basketball team played 20 games. They won 8 more than they lost. How many did they win? Please reason step by step, and put your final answer within \boxed{answer} as an integer.",14
148,"A basketball team played 18 games. They won 14 more than they lost. How many did they win? Please reason step by step, and put your final answer within \boxed{answer} as an integer.",16
149,"A soccer team played 22 matches. They won 18 more than they lost. How many did they win? Please reason step by step, and put your final answer within \boxed{answer} as an integer.",20
150,"A football team played 24 games. They won 10 more than they lost. How many did they win? Please reason step by step, and put your final answer within \boxed{answer} as an integer.",17
151,"A hockey team played 18 games. They won 14 more than they lost. How many did they win? Please reason step by step, and put your final answer within \boxed{answer} as an integer.",16
152,"A basketball team played 20 games. They won 14 more than they lost. How many did they win? Please reason step by step, and put your final answer within \boxed{answer} as an integer.",17
153,"A baseball team played 20 games. They won 8 more than they lost. How many did they win? Please reason step by step, and put your final answer within \boxed{answer} as an integer.",14
154,"A baseball team played 32 games. They won 4 more than they lost. How many did they win? Please reason step by step, and put your final answer within \boxed{answer} as an integer.",18
155,"A football team played 22 games. They won 16 more than they lost. How many did they win? Please reason step by step, and put your final answer within \boxed{answer} as an integer.",19
156,"A soccer team played 16 matches. They won 2 more than they lost. How many did they win? Please reason step by step, and put your final answer within \boxed{answer} as an integer.",9
157,"A basketball team played 30 games. They won 22 more than they lost. How many did they win? Please reason step by step, and put your final answer within \boxed{answer} as an integer.",26
158,"A baseball team played 22 games. They won 4 more than they lost. How many did they win? Please reason step by step, and put your final answer within \boxed{answer} as an integer.",13
159,"A football team played 30 games. They won 22 more than they lost. How many did they win? Please reason step by step, and put your final answer within \boxed{answer} as an integer.",26
160,"A football team played 28 games. They won 24 more than they lost. How many did they win? Please reason step by step, and put your final answer within \boxed{answer} as an integer.",26
161,"A baseball team played 28 games. They won 8 more than they lost. How many did they win? Please reason step by step, and put your final answer within \boxed{answer} as an integer.",18
162,"A volleyball team played 32 matches. They won 18 more than they lost. How many did they win? Please reason step by step, and put your final answer within \boxed{answer} as an integer.",25
163,"A football team played 22 games. They won 10 more than they lost. How many did they win? Please reason step by step, and put your final answer within \boxed{answer} as an integer.",16
164,"A soccer team played 24 matches. They won 12 more than they lost. How many did they win? Please reason step by step, and put your final answer within \boxed{answer} as an integer.",18
165,"A football team played 28 games. They won 12 more than they lost. How many did they win? Please reason step by step, and put your final answer within \boxed{answer} as an integer.",20
166,"A football team played 26 games. They won 12 more than they lost. How many did they win? Please reason step by step, and put your final answer within \boxed{answer} as an integer.",19
167,"A soccer team played 16 matches. They won 8 more than they lost. How many did they win? Please reason step by step, and put your final answer within \boxed{answer} as an integer.",12
168,"A hockey team played 24 games. They won 12 more than they lost. How many did they win? Please reason step by step, and put your final answer within \boxed{answer} as an integer.",18
169,"A baseball team played 26 games. They won 4 more than they lost. How many did they win? Please reason step by step, and put your final answer within \boxed{answer} as an integer.",15
170,"A soccer team played 20 matches. They won 16 more than they lost. How many did they win? Please reason step by step, and put your final answer within \boxed{answer} as an integer.",18
171,"A volleyball team played 18 matches. They won 12 more than they lost. How many did they win? Please reason step by step, and put your final answer within \boxed{answer} as an integer.",15
172,"A hockey team played 32 games. They won 18 more than they lost. How many did they win? Please reason step by step, and put your final answer within \boxed{answer} as an integer.",25
173,"A hockey team played 30 games. They won 18 more than they lost. How many did they win? Please reason step by step, and put your final answer within \boxed{answer} as an integer.",24
174,"A volleyball team played 20 matches. They won 16 more than they lost. How many did they win? Please reason step by step, and put your final answer within \boxed{answer} as an integer.",18
175,"A baseball team played 24 games. They won 18 more than they lost. How many did they win? Please reason step by step, and put your final answer within \boxed{answer} as an integer.",21
176,"A hockey team played 32 games. They won 22 more than they lost. How many did they win? Please reason step by step, and put your final answer within \boxed{answer} as an integer.",27
177,"A hockey team played 20 games. They won 6 more than they lost. How many did they win? Please reason step by step, and put your final answer within \boxed{answer} as an integer.",13
178,"A basketball team played 20 games. They won 6 more than they lost. How many did they win? Please reason step by step, and put your final answer within \boxed{answer} as an integer.",13
179,"A hockey team played 30 games. They won 20 more than they lost. How many did they win? Please reason step by step, and put your final answer within \boxed{answer} as an integer.",25
180,"A basketball team played 22 games. They won 12 more than they lost. How many did they win? Please reason step by step, and put your final answer within \boxed{answer} as an integer.",17
181,"A soccer team played 30 matches. They won 2 more than they lost. How many did they win? Please reason step by step, and put your final answer within \boxed{answer} as an integer.",16
182,"A hockey team played 30 games. They won 24 more than they lost. How many did they win? Please reason step by step, and put your final answer within \boxed{answer} as an integer.",27
183,"A football team played 22 games. They won 2 more than they lost. How many did they win? Please reason step by step, and put your final answer within \boxed{answer} as an integer.",12
184,"A volleyball team played 26 matches. They won 20 more than they lost. How many did they win? Please reason step by step, and put your final answer within \boxed{answer} as an integer.",23
185,"A basketball team played 16 games. They won 10 more than they lost. How many did they win? Please reason step by step, and put your final answer within \boxed{answer} as an integer.",13
186,"A volleyball team played 30 matches. They won 6 more than they lost. How many did they win? Please reason step by step, and put your final answer within \boxed{answer} as an integer.",18
187,"A volleyball team played 22 matches. They won 16 more than they lost. How many did they win? Please reason step by step, and put your final answer within \boxed{answer} as an integer.",19
188,"A soccer team played 18 matches. They won 6 more than they lost. How many did they win? Please reason step by step, and put your final answer within \boxed{answer} as an integer.",12
189,"A hockey team played 28 games. They won 12 more than they lost. How many did they win? Please reason step by step, and put your final answer within \boxed{answer} as an integer.",20
190,"A football team played 22 games. They won 10 more than they lost. How many did they win? Please reason step by step, and put your final answer within \boxed{answer} as an integer.",16
191,"A hockey team played 24 games. They won 20 more than they lost. How many did they win? Please reason step by step, and put your final answer within \boxed{answer} as an integer.",22
192,"A hockey team played 22 games. They won 4 more than they lost. How many did they win? Please reason step by step, and put your final answer within \boxed{answer} as an integer.",13
193,"A hockey team played 22 games. They won 10 more than they lost. How many did they win? Please reason step by step, and put your final answer within \boxed{answer} as an integer.",16
194,"A hockey team played 32 games. They won 20 more than they lost. How many did they win? Please reason step by step, and put your final answer within \boxed{answer} as an integer.",26
195,"A football team played 22 games. They won 12 more than they lost. How many did they win? Please reason step by step, and put your final answer within \boxed{answer} as an integer.",17
196,"A soccer team played 20 matches. They won 12 more than they lost. How many did they win? Please reason step by step, and put your final answer within \boxed{answer} as an integer.",16
197,"A volleyball team played 20 matches. They won 16 more than they lost. How many did they win? Please reason step by step, and put your final answer within \boxed{answer} as an integer.",18
198,"A hockey team played 32 games. They won 10 more than they lost. How many did they win? Please reason step by step, and put your final answer within \boxed{answer} as an integer.",21
199,"A football team played 18 games. They won 8 more than they lost. How many did they win? Please reason step by step, and put your final answer within \boxed{answer} as an integer.",13
200,"A volleyball team played 26 matches. They won 12 more than they lost. How many did they win? Please reason step by step, and put your final answer within \boxed{answer} as an integer.",19
201,"A soccer team played 18 matches. They won 10 more than they lost. How many did they win? Please reason step by step, and put your final answer within \boxed{answer} as an integer.",14
202,"A baseball team played 20 games. They won 14 more than they lost. How many did they win? Please reason step by step, and put your final answer within \boxed{answer} as an integer.",17
203,"A hockey team played 30 games. They won 8 more than they lost. How many did they win? Please reason step by step, and put your final answer within \boxed{answer} as an integer.",19
204,"A soccer team played 18 matches. They won 8 more than they lost. How many did they win? Please reason step by step, and put your final answer within \boxed{answer} as an integer.",13
205,"A basketball team played 16 games. They won 4 more than they lost. How many did they win? Please reason step by step, and put your final answer within \boxed{answer} as an integer.",10
206,"A basketball team played 18 games. They won 6 more than they lost. How many did they win? Please reason step by step, and put your final answer within \boxed{answer} as an integer.",12
207,"A volleyball team played 26 matches. They won 22 more than they lost. How many did they win? Please reason step by step, and put your final answer within \boxed{answer} as an integer.",24
208,"A volleyball team played 16 matches. They won 12 more than they lost. How many did they win? Please reason step by step, and put your final answer within \boxed{answer} as an integer.",14
209,"A basketball team played 30 games. They won 18 more than they lost. How many did they win? Please reason step by step, and put your final answer within \boxed{answer} as an integer.",24
210,"A hockey team played 22 games. They won 6 more than they lost. How many did they win? Please reason step by step, and put your final answer within \boxed{answer} as an integer.",14
211,"A volleyball team played 26 matches. They won 2 more than they lost. How many did they win? Please reason step by step, and put your final answer within \boxed{answer} as an integer.",14
212,"A baseball team played 30 games. They won 20 more than they lost. How many did they win? Please reason step by step, and put your final answer within \boxed{answer} as an integer.",25
213,"A baseball team played 22 games. They won 14 more than they lost. How many did they win? Please reason step by step, and put your final answer within \boxed{answer} as an integer.",18
214,"A baseball team played 32 games. They won 24 more than they lost. How many did they win? Please reason step by step, and put your final answer within \boxed{answer} as an integer.",28
215,"A soccer team played 20 matches. They won 6 more than they lost. How many did they win? Please reason step by step, and put your final answer within \boxed{answer} as an integer.",13
216,"A hockey team played 16 games. They won 6 more than they lost. How many did they win? Please reason step by step, and put your final answer within \boxed{answer} as an integer.",11
217,"A baseball team played 28 games. They won 12 more than they lost. How many did they win? Please reason step by step, and put your final answer within \boxed{answer} as an integer.",20
218,"A volleyball team played 30 matches. They won 2 more than they lost. How many did they win? Please reason step by step, and put your final answer within \boxed{answer} as an integer.",16
219,"A volleyball team played 22 matches. They won 8 more than they lost. How many did they win? Please reason step by step, and put your final answer within \boxed{answer} as an integer.",15
220,"A basketball team played 32 games. They won 8 more than they lost. How many did they win? Please reason step by step, and put your final answer within \boxed{answer} as an integer.",20
221,"A hockey team played 20 games. They won 14 more than they lost. How many did they win? Please reason step by step, and put your final answer within \boxed{answer} as an integer.",17
222,"A basketball team played 26 games. They won 8 more than they lost. How many did they win? Please reason step by step, and put your final answer within \boxed{answer} as an integer.",17
223,"A volleyball team played 32 matches. They won 28 more than they lost. How many did they win? Please reason step by step, and put your final answer within \boxed{answer} as an integer.",30
224,"A hockey team played 24 games. They won 18 more than they lost. How many did they win? Please reason step by step, and put your final answer within \boxed{answer} as an integer.",21
225,"A football team played 16 games. They won 2 more than they lost. How many did they win? Please reason step by step, and put your final answer within \boxed{answer} as an integer.",9
226,"A basketball team played 24 games. They won 12 more than they lost. How many did they win? Please reason step by step, and put your final answer within \boxed{answer} as an integer.",18
227,"A football team played 30 games. They won 16 more than they lost. How many did they win? Please reason step by step, and put your final answer within \boxed{answer} as an integer.",23
228,"A football team played 26 games. They won 22 more than they lost. How many did they win? Please reason step by step, and put your final answer within \boxed{answer} as an integer.",24
229,"A basketball team played 26 games. They won 8 more than they lost. How many did they win? Please reason step by step, and put your final answer within \boxed{answer} as an integer.",17
230,"A baseball team played 32 games. They won 12 more than they lost. How many did they win? Please reason step by step, and put your final answer within \boxed{answer} as an integer.",22
231,"A football team played 16 games. They won 6 more than they lost. How many did they win? Please reason step by step, and put your final answer within \boxed{answer} as an integer.",11
232,"A football team played 24 games. They won 2 more than they lost. How many did they win? Please reason step by step, and put your final answer within \boxed{answer} as an integer.",13
233,"A hockey team played 26 games. They won 2 more than they lost. How many did they win? Please reason step by step, and put your final answer within \boxed{answer} as an integer.",14
234,"A football team played 30 games. They won 14 more than they lost. How many did they win? Please reason step by step, and put your final answer within \boxed{answer} as an integer.",22
235,"A baseball team played 22 games. They won 14 more than they lost. How many did they win? Please reason step by step, and put your final answer within \boxed{answer} as an integer.",18
236,"A baseball team played 22 games. They won 14 more than they lost. How many did they win? Please reason step by step, and put your final answer within \boxed{answer} as an integer.",18
237,"A football team played 18 games. They won 12 more than they lost. How many did they win? Please reason step by step, and put your final answer within \boxed{answer} as an integer.",15
238,"A hockey team played 20 games. They won 4 more than they lost. How many did they win? Please reason step by step, and put your final answer within \boxed{answer} as an integer.",12
239,"A baseball team played 24 games. They won 6 more than they lost. How many did they win? Please reason step by step, and put your final answer within \boxed{answer} as an integer.",15
240,"A soccer team played 16 matches. They won 10 more than they lost. How many did they win? Please reason step by step, and put your final answer within \boxed{answer} as an integer.",13
241,"A hockey team played 20 games. They won 16 more than they lost. How many did they win? Please reason step by step, and put your final answer within \boxed{answer} as an integer.",18
242,"A football team played 30 games. They won 16 more than they lost. How many did they win? Please reason step by step, and put your final answer within \boxed{answer} as an integer.",23
243,"A soccer team played 22 matches. They won 10 more than they lost. How many did they win? Please reason step by step, and put your final answer within \boxed{answer} as an integer.",16
244,"A football team played 18 games. They won 8 more than they lost. How many did they win? Please reason step by step, and put your final answer within \boxed{answer} as an integer.",13
245,"A baseball team played 28 games. They won 2 more than they lost. How many did they win? Please reason step by step, and put your final answer within \boxed{answer} as an integer.",15
246,"A soccer team played 20 matches. They won 16 more than they lost. How many did they win? Please reason step by step, and put your final answer within \boxed{answer} as an integer.",18
247,"A basketball team played 18 games. They won 4 more than they lost. How many did they win? Please reason step by step, and put your final answer within \boxed{answer} as an integer.",11
248,"A football team played 16 games. They won 12 more than they lost. How many did they win? Please reason step by step, and put your final answer within \boxed{answer} as an integer.",14
249,"A soccer team played 22 matches. They won 6 more than they lost. How many did they win? Please reason step by step, and put your final answer within \boxed{answer} as an integer.",14
250,"A soccer team played 18 matches. They won 6 more than they lost. How many did they win? Please reason step by step, and put your final answer within \boxed{answer} as an integer.",12
251,"A soccer team played 20 matches. They won 8 more than they lost. How many did they win? Please reason step by step, and put your final answer within \boxed{answer} as an integer.",14
252,"A hockey team played 22 games. They won 10 more than they lost. How many did they win? Please reason step by step, and put your final answer within \boxed{answer} as an integer.",16
253,"A hockey team played 26 games. They won 12 more than they lost. How many did they win? Please reason step by step, and put your final answer within \boxed{answer} as an integer.",19
254,"A football team played 18 games. They won 6 more than they lost. How many did they win? Please reason step by step, and put your final answer within \boxed{answer} as an integer.",12
255,"A hockey team played 24 games. They won 8 more than they lost. How many did they win? Please reason step by step, and put your final answer within \boxed{answer} as an integer.",16
256,"A baseball team played 24 games. They won 10 more than they lost. How many did they win? Please reason step by step, and put your final answer within \boxed{answer} as an integer.",17
257,"A baseball team played 28 games. They won 20 more than they lost. How many did they win? Please reason step by step, and put your final answer within \boxed{answer} as an integer.",24
258,"A soccer team played 24 matches. They won 18 more than they lost. How many did they win? Please reason step by step, and put your final answer within \boxed{answer} as an integer.",21
259,"A football team played 30 games. They won 18 more than they lost. How many did they win? Please reason step by step, and put your final answer within \boxed{answer} as an integer.",24
260,"A hockey team played 30 games. They won 18 more than they lost. How many did they win? Please reason step by step, and put your final answer within \boxed{answer} as an integer.",24
261,"A basketball team played 22 games. They won 8 more than they lost. How many did they win? Please reason step by step, and put your final answer within \boxed{answer} as an integer.",15
262,"A soccer team played 30 matches. They won 4 more than they lost. How many did they win? Please reason step by step, and put your final answer within \boxed{answer} as an integer.",17
263,"A football team played 26 games. They won 12 more than they lost. How many did they win? Please reason step by step, and put your final answer within \boxed{answer} as an integer.",19
264,"A hockey team played 26 games. They won 10 more than they lost. How many did they win? Please reason step by step, and put your final answer within \boxed{answer} as an integer.",18
265,"A basketball team played 32 games. They won 16 more than they lost. How many did they win? Please reason step by step, and put your final answer within \boxed{answer} as an integer.",24
266,"A football team played 26 games. They won 6 more than they lost. How many did they win? Please reason step by step, and put your final answer within \boxed{answer} as an integer.",16
267,"A hockey team played 26 games. They won 18 more than they lost. How many did they win? Please reason step by step, and put your final answer within \boxed{answer} as an integer.",22
268,"A basketball team played 24 games. They won 10 more than they lost. How many did they win? Please reason step by step, and put your final answer within \boxed{answer} as an integer.",17
269,"A basketball team played 18 games. They won 4 more than they lost. How many did they win? Please reason step by step, and put your final answer within \boxed{answer} as an integer.",11
270,"A volleyball team played 26 matches. They won 4 more than they lost. How many did they win? Please reason step by step, and put your final answer within \boxed{answer} as an integer.",15
271,"A hockey team played 26 games. They won 16 more than they lost. How many did they win? Please reason step by step, and put your final answer within \boxed{answer} as an integer.",21
272,"A soccer team played 30 matches. They won 22 more than they lost. How many did they win? Please reason step by step, and put your final answer within \boxed{answer} as an integer.",26
273,"A football team played 20 games. They won 12 more than they lost. How many did they win? Please reason step by step, and put your final answer within \boxed{answer} as an integer.",16
274,"A football team played 28 games. They won 16 more than they lost. How many did they win? Please reason step by step, and put your final answer within \boxed{answer} as an integer.",22
275,"A basketball team played 26 games. They won 18 more than they lost. How many did they win? Please reason step by step, and put your final answer within \boxed{answer} as an integer.",22
276,"A basketball team played 22 games. They won 14 more than they lost. How many did they win? Please reason step by step, and put your final answer within \boxed{answer} as an integer.",18
277,"A basketball team played 18 games. They won 6 more than they lost. How many did they win? Please reason step by step, and put your final answer within \boxed{answer} as an integer.",12
278,"A soccer team played 30 matches. They won 14 more than they lost. How many did they win? Please reason step by step, and put your final answer within \boxed{answer} as an integer.",22
279,"A hockey team played 28 games. They won 18 more than they lost. How many did they win? Please reason step by step, and put your final answer within \boxed{answer} as an integer.",23
280,"A basketball team played 28 games. They won 22 more than they lost. How many did they win? Please reason step by step, and put your final answer within \boxed{answer} as an integer.",25
281,"A hockey team played 16 games. They won 12 more than they lost. How many did they win? Please reason step by step, and put your final answer within \boxed{answer} as an integer.",14
282,"A volleyball team played 20 matches. They won 6 more than they lost. How many did they win? Please reason step by step, and put your final answer within \boxed{answer} as an integer.",13
283,"A hockey team played 16 games. They won 4 more than they lost. How many did they win? Please reason step by step, and put your final answer within \boxed{answer} as an integer.",10
284,"A hockey team played 28 games. They won 2 more than they lost. How many did they win? Please reason step by step, and put your final answer within \boxed{answer} as an integer.",15
285,"A football team played 20 games. They won 2 more than they lost. How many did they win? Please reason step by step, and put your final answer within \boxed{answer} as an integer.",11
286,"A basketball team played 20 games. They won 16 more than they lost. How many did they win? Please reason step by step, and put your final answer within \boxed{answer} as an integer.",18
287,"A basketball team played 30 games. They won 6 more than they lost. How many did they win? Please reason step by step, and put your final answer within \boxed{answer} as an integer.",18
288,"A volleyball team played 18 matches. They won 10 more than they lost. How many did they win? Please reason step by step, and put your final answer within \boxed{answer} as an integer.",14
289,"A football team played 22 games. They won 6 more than they lost. How many did they win? Please reason step by step, and put your final answer within \boxed{answer} as an integer.",14
290,"A volleyball team played 28 matches. They won 12 more than they lost. How many did they win? Please reason step by step, and put your final answer within \boxed{answer} as an integer.",20
291,"A basketball team played 32 games. They won 20 more than they lost. How many did they win? Please reason step by step, and put your final answer within \boxed{answer} as an integer.",26
292,"A football team played 16 games. They won 6 more than they lost. How many did they win? Please reason step by step, and put your final answer within \boxed{answer} as an integer.",11
293,"A football team played 28 games. They won 24 more than they lost. How many did they win? Please reason step by step, and put your final answer within \boxed{answer} as an integer.",26
294,"A football team played 30 games. They won 26 more than they lost. How many did they win? Please reason step by step, and put your final answer within \boxed{answer} as an integer.",28
295,"A volleyball team played 22 matches. They won 12 more than they lost. How many did they win? Please reason step by step, and put your final answer within \boxed{answer} as an integer.",17
296,"A football team played 28 games. They won 20 more than they lost. How many did they win? Please reason step by step, and put your final answer within \boxed{answer} as an integer.",24
297,"A hockey team played 30 games. They won 4 more than they lost. How many did they win? Please reason step by step, and put your final answer within \boxed{answer} as an integer.",17
298,"A football team played 32 games. They won 24 more than they lost. How many did they win? Please reason step by step, and put your final answer within \boxed{answer} as an integer.",28
299,"A hockey team played 30 games. They won 12 more than they lost. How many did they win? Please reason step by step, and put your final answer within \boxed{answer} as an integer.",21
300,"A baseball team played 32 games. They won 26 more than they lost. How many did they win? Please reason step by step, and put your final answer within \boxed{answer} as an integer.",29
301,"A football team played 32 games. They won 18 more than they lost. How many did they win? Please reason step by step, and put your final answer within \boxed{answer} as an integer.",25
302,"A volleyball team played 26 matches. They won 8 more than they lost. How many did they win? Please reason step by step, and put your final answer within \boxed{answer} as an integer.",17
303,"A baseball team played 24 games. They won 2 more than they lost. How many did they win? Please reason step by step, and put your final answer within \boxed{answer} as an integer.",13
304,"A football team played 32 games. They won 6 more than they lost. How many did they win? Please reason step by step, and put your final answer within \boxed{answer} as an integer.",19
305,"A football team played 16 games. They won 12 more than they lost. How many did they win? Please reason step by step, and put your final answer within \boxed{answer} as an integer.",14
306,"A baseball team played 18 games. They won 10 more than they lost. How many did they win? Please reason step by step, and put your final answer within \boxed{answer} as an integer.",14
307,"A football team played 30 games. They won 18 more than they lost. How many did they win? Please reason step by step, and put your final answer within \boxed{answer} as an integer.",24
308,"A volleyball team played 24 matches. They won 4 more than they lost. How many did they win? Please reason step by step, and put your final answer within \boxed{answer} as an integer.",14
309,"A baseball team played 32 games. They won 12 more than they lost. How many did they win? Please reason step by step, and put your final answer within \boxed{answer} as an integer.",22
310,"A hockey team played 28 games. They won 2 more than they lost. How many did they win? Please reason step by step, and put your final answer within \boxed{answer} as an integer.",15
311,"A soccer team played 18 matches. They won 12 more than they lost. How many did they win? Please reason step by step, and put your final answer within \boxed{answer} as an integer.",15
312,"A baseball team played 22 games. They won 14 more than they lost. How many did they win? Please reason step by step, and put your final answer within \boxed{answer} as an integer.",18
313,"A volleyball team played 22 matches. They won 12 more than they lost. How many did they win? Please reason step by step, and put your final answer within \boxed{answer} as an integer.",17
314,"A basketball team played 26 games. They won 8 more than they lost. How many did they win? Please reason step by step, and put your final answer within \boxed{answer} as an integer.",17
315,"A football team played 20 games. They won 2 more than they lost. How many did they win? Please reason step by step, and put your final answer within \boxed{answer} as an integer.",11
316,"A volleyball team played 20 matches. They won 6 more than they lost. How many did they win? Please reason step by step, and put your final answer within \boxed{answer} as an integer.",13
317,"A football team played 32 games. They won 16 more than they lost. How many did they win? Please reason step by step, and put your final answer within \boxed{answer} as an integer.",24
318,"A volleyball team played 26 matches. They won 12 more than they lost. How many did they win? Please reason step by step, and put your final answer within \boxed{answer} as an integer.",19
319,"A baseball team played 24 games. They won 12 more than they lost. How many did they win? Please reason step by step, and put your final answer within \boxed{answer} as an integer.",18
320,"A hockey team played 24 games. They won 16 more than they lost. How many did they win? Please reason step by step, and put your final answer within \boxed{answer} as an integer.",20
321,"A baseball team played 16 games. They won 4 more than they lost. How many did they win? Please reason step by step, and put your final answer within \boxed{answer} as an integer.",10
322,"A volleyball team played 28 matches. They won 20 more than they lost. How many did they win? Please reason step by step, and put your final answer within \boxed{answer} as an integer.",24
323,"A baseball team played 20 games. They won 4 more than they lost. How many did they win? Please reason step by step, and put your final answer within \boxed{answer} as an integer.",12
324,"A soccer team played 20 matches. They won 8 more than they lost. How many did they win? Please reason step by step, and put your final answer within \boxed{answer} as an integer.",14
325,"A baseball team played 30 games. They won 26 more than they lost. How many did they win? Please reason step by step, and put your final answer within \boxed{answer} as an integer.",28
326,"A soccer team played 30 matches. They won 14 more than they lost. How many did they win? Please reason step by step, and put your final answer within \boxed{answer} as an integer.",22
327,"A soccer team played 30 matches. They won 26 more than they lost. How many did they win? Please reason step by step, and put your final answer within \boxed{answer} as an integer.",28
328,"A basketball team played 30 games. They won 12 more than they lost. How many did they win? Please reason step by step, and put your final answer within \boxed{answer} as an integer.",21
329,"A soccer team played 20 matches. They won 12 more than they lost. How many did they win? Please reason step by step, and put your final answer within \boxed{answer} as an integer.",16
330,"A basketball team played 30 games. They won 20 more than they lost. How many did they win? Please reason step by step, and put your final answer within \boxed{answer} as an integer.",25
331,"A soccer team played 18 matches. They won 2 more than they lost. How many did they win? Please reason step by step, and put your final answer within \boxed{answer} as an integer.",10
332,"A volleyball team played 28 matches. They won 6 more than they lost. How many did they win? Please reason step by step, and put your final answer within \boxed{answer} as an integer.",17
333,"A hockey team played 28 games. They won 4 more than they lost. How many did they win? Please reason step by step, and put your final answer within \boxed{answer} as an integer.",16
334,"A basketball team played 24 games. They won 10 more than they lost. How many did they win? Please reason step by step, and put your final answer within \boxed{answer} as an integer.",17
335,"A volleyball team played 22 matches. They won 18 more than they lost. How many did they win? Please reason step by step, and put your final answer within \boxed{answer} as an integer.",20
336,"A football team played 32 games. They won 26 more than they lost. How many did they win? Please reason step by step, and put your final answer within \boxed{answer} as an integer.",29
337,"A volleyball team played 30 matches. They won 22 more than they lost. How many did they win? Please reason step by step, and put your final answer within \boxed{answer} as an integer.",26
338,"A soccer team played 30 matches. They won 22 more than they lost. How many did they win? Please reason step by step, and put your final answer within \boxed{answer} as an integer.",26
339,"A football team played 22 games. They won 8 more than they lost. How many did they win? Please reason step by step, and put your final answer within \boxed{answer} as an integer.",15
340,"A hockey team played 20 games. They won 2 more than they lost. How many did they win? Please reason step by step, and put your final answer within \boxed{answer} as an integer.",11
341,"A football team played 32 games. They won 10 more than they lost. How many did they win? Please reason step by step, and put your final answer within \boxed{answer} as an integer.",21
342,"A football team played 30 games. They won 20 more than they lost. How many did they win? Please reason step by step, and put your final answer within \boxed{answer} as an integer.",25
343,"A volleyball team played 30 matches. They won 4 more than they lost. How many did they win? Please reason step by step, and put your final answer within \boxed{answer} as an integer.",17
344,"A football team played 26 games. They won 16 more than they lost. How many did they win? Please reason step by step, and put your final answer within \boxed{answer} as an integer.",21
345,"A basketball team played 20 games. They won 6 more than they lost. How many did they win? Please reason step by step, and put your final answer within \boxed{answer} as an integer.",13
346,"A hockey team played 18 games. They won 12 more than they lost. How many did they win? Please reason step by step, and put your final answer within \boxed{answer} as an integer.",15
347,"A hockey team played 22 games. They won 14 more than they lost. How many did they win? Please reason step by step, and put your final answer within \boxed{answer} as an integer.",18
348,"A baseball team played 30 games. They won 6 more than they lost. How many did they win? Please reason step by step, and put your final answer within \boxed{answer} as an integer.",18
349,"A basketball team played 30 games. They won 6 more than they lost. How many did they win? Please reason step by step, and put your final answer within \boxed{answer} as an integer.",18
350,"A volleyball team played 30 matches. They won 26 more than they lost. How many did they win? Please reason step by step, and put your final answer within \boxed{answer} as an integer.",28
351,"A basketball team played 28 games. They won 16 more than they lost. How many did they win? Please reason step by step, and put your final answer within \boxed{answer} as an integer.",22
352,"A baseball team played 16 games. They won 8 more than they lost. How many did they win? Please reason step by step, and put your final answer within \boxed{answer} as an integer.",12
353,"A soccer team played 18 matches. They won 14 more than they lost. How many did they win? Please reason step by step, and put your final answer within \boxed{answer} as an integer.",16
354,"A baseball team played 24 games. They won 18 more than they lost. How many did they win? Please reason step by step, and put your final answer within \boxed{answer} as an integer.",21
355,"A soccer team played 28 matches. They won 14 more than they lost. How many did they win? Please reason step by step, and put your final answer within \boxed{answer} as an integer.",21
356,"A volleyball team played 30 matches. They won 26 more than they lost. How many did they win? Please reason step by step, and put your final answer within \boxed{answer} as an integer.",28
357,"A baseball team played 24 games. They won 20 more than they lost. How many did they win? Please reason step by step, and put your final answer within \boxed{answer} as an integer.",22
358,"A basketball team played 32 games. They won 8 more than they lost. How many did they win? Please reason step by step, and put your final answer within \boxed{answer} as an integer.",20
359,"A volleyball team played 26 matches. They won 18 more than they lost. How many did they win? Please reason step by step, and put your final answer within \boxed{answer} as an integer.",22
360,"A baseball team played 18 games. They won 12 more than they lost. How many did they win? Please reason step by step, and put your final answer within \boxed{answer} as an integer.",15
361,"A basketball team played 28 games. They won 24 more than they lost. How many did they win? Please reason step by step, and put your final answer within \boxed{answer} as an integer.",26
362,"A baseball team played 24 games. They won 4 more than they lost. How many did they win? Please reason step by step, and put your final answer within \boxed{answer} as an integer.",14
363,"A soccer team played 22 matches. They won 10 more than they lost. How many did they win? Please reason step by step, and put your final answer within \boxed{answer} as an integer.",16
364,"A soccer team played 26 matches. They won 22 more than they lost. How many did they win? Please reason step by step, and put your final answer within \boxed{answer} as an integer.",24
365,"A volleyball team played 16 matches. They won 2 more than they lost. How many did they win? Please reason step by step, and put your final answer within \boxed{answer} as an integer.",9
366,"A volleyball team played 18 matches. They won 4 more than they lost. How many did they win? Please reason step by step, and put your final answer within \boxed{answer} as an integer.",11
367,"A football team played 32 games. They won 10 more than they lost. How many did they win? Please reason step by step, and put your final answer within \boxed{answer} as an integer.",21
368,"A soccer team played 30 matches. They won 26 more than they lost. How many did they win? Please reason step by step, and put your final answer within \boxed{answer} as an integer.",28
369,"A volleyball team played 26 matches. They won 22 more than they lost. How many did they win? Please reason step by step, and put your final answer within \boxed{answer} as an integer.",24
370,"A hockey team played 18 games. They won 14 more than they lost. How many did they win? Please reason step by step, and put your final answer within \boxed{answer} as an integer.",16
371,"A hockey team played 30 games. They won 8 more than they lost. How many did they win? Please reason step by step, and put your final answer within \boxed{answer} as an integer.",19
372,"A hockey team played 20 games. They won 10 more than they lost. How many did they win? Please reason step by step, and put your final answer within \boxed{answer} as an integer.",15
373,"A baseball team played 22 games. They won 12 more than they lost. How many did they win? Please reason step by step, and put your final answer within \boxed{answer} as an integer.",17
374,"A baseball team played 16 games. They won 12 more than they lost. How many did they win? Please reason step by step, and put your final answer within \boxed{answer} as an integer.",14
375,"A baseball team played 24 games. They won 6 more than they lost. How many did they win? Please reason step by step, and put your final answer within \boxed{answer} as an integer.",15
376,"A basketball team played 26 games. They won 6 more than they lost. How many did they win? Please reason step by step, and put your final answer within \boxed{answer} as an integer.",16
377,"A hockey team played 28 games. They won 16 more than they lost. How many did they win? Please reason step by step, and put your final answer within \boxed{answer} as an integer.",22
378,"A volleyball team played 20 matches. They won 14 more than they lost. How many did they win? Please reason step by step, and put your final answer within \boxed{answer} as an integer.",17
379,"A soccer team played 16 matches. They won 12 more than they lost. How many did they win? Please reason step by step, and put your final answer within \boxed{answer} as an integer.",14
380,"A basketball team played 20 games. They won 16 more than they lost. How many did they win? Please reason step by step, and put your final answer within \boxed{answer} as an integer.",18
381,"A hockey team played 24 games. They won 8 more than they lost. How many did they win? Please reason step by step, and put your final answer within \boxed{answer} as an integer.",16
382,"A hockey team played 18 games. They won 4 more than they lost. How many did they win? Please reason step by step, and put your final answer within \boxed{answer} as an integer.",11
383,"A baseball team played 24 games. They won 8 more than they lost. How many did they win? Please reason step by step, and put your final answer within \boxed{answer} as an integer.",16
384,"A baseball team played 18 games. They won 6 more than they lost. How many did they win? Please reason step by step, and put your final answer within \boxed{answer} as an integer.",12
385,"A volleyball team played 26 matches. They won 18 more than they lost. How many did they win? Please reason step by step, and put your final answer within \boxed{answer} as an integer.",22
386,"A baseball team played 26 games. They won 4 more than they lost. How many did they win? Please reason step by step, and put your final answer within \boxed{answer} as an integer.",15
387,"A basketball team played 26 games. They won 16 more than they lost. How many did they win? Please reason step by step, and put your final answer within \boxed{answer} as an integer.",21
388,"A soccer team played 18 matches. They won 14 more than they lost. How many did they win? Please reason step by step, and put your final answer within \boxed{answer} as an integer.",16
389,"A basketball team played 16 games. They won 8 more than they lost. How many did they win? Please reason step by step, and put your final answer within \boxed{answer} as an integer.",12
390,"A volleyball team played 28 matches. They won 4 more than they lost. How many did they win? Please reason step by step, and put your final answer within \boxed{answer} as an integer.",16
391,"A hockey team played 16 games. They won 12 more than they lost. How many did they win? Please reason step by step, and put your final answer within \boxed{answer} as an integer.",14
392,"A volleyball team played 32 matches. They won 26 more than they lost. How many did they win? Please reason step by step, and put your final answer within \boxed{answer} as an integer.",29
393,"A soccer team played 20 matches. They won 2 more than they lost. How many did they win? Please reason step by step, and put your final answer within \boxed{answer} as an integer.",11
394,"A soccer team played 26 matches. They won 2 more than they lost. How many did they win? Please reason step by step, and put your final answer within \boxed{answer} as an integer.",14
395,"A baseball team played 16 games. They won 6 more than they lost. How many did they win? Please reason step by step, and put your final answer within \boxed{answer} as an integer.",11
396,"A football team played 24 games. They won 2 more than they lost. How many did they win? Please reason step by step, and put your final answer within \boxed{answer} as an integer.",13
397,"A football team played 28 games. They won 8 more than they lost. How many did they win? Please reason step by step, and put your final answer within \boxed{answer} as an integer.",18
398,"A basketball team played 18 games. They won 4 more than they lost. How many did they win? Please reason step by step, and put your final answer within \boxed{answer} as an integer.",11
399,"A hockey team played 24 games. They won 10 more than they lost. How many did they win? Please reason step by step, and put your final answer within \boxed{answer} as an integer.",17
400,"A volleyball team played 18 matches. They won 10 more than they lost. How many did they win? Please reason step by step, and put your final answer within \boxed{answer} as an integer.",14
401,"A football team played 30 games. They won 4 more than they lost. How many did they win? Please reason step by step, and put your final answer within \boxed{answer} as an integer.",17
402,"A basketball team played 22 games. They won 4 more than they lost. How many did they win? Please reason step by step, and put your final answer within \boxed{answer} as an integer.",13
403,"A baseball team played 22 games. They won 16 more than they lost. How many did they win? Please reason step by step, and put your final answer within \boxed{answer} as an integer.",19
404,"A baseball team played 20 games. They won 10 more than they lost. How many did they win? Please reason step by step, and put your final answer within \boxed{answer} as an integer.",15
405,"A basketball team played 24 games. They won 4 more than they lost. How many did they win? Please reason step by step, and put your final answer within \boxed{answer} as an integer.",14
406,"A volleyball team played 18 matches. They won 4 more than they lost. How many did they win? Please reason step by step, and put your final answer within \boxed{answer} as an integer.",11
407,"A hockey team played 20 games. They won 12 more than they lost. How many did they win? Please reason step by step, and put your final answer within \boxed{answer} as an integer.",16
408,"A basketball team played 22 games. They won 8 more than they lost. How many did they win? Please reason step by step, and put your final answer within \boxed{answer} as an integer.",15
409,"A hockey team played 20 games. They won 12 more than they lost. How many did they win? Please reason step by step, and put your final answer within \boxed{answer} as an integer.",16
410,"A baseball team played 16 games. They won 12 more than they lost. How many did they win? Please reason step by step, and put your final answer within \boxed{answer} as an integer.",14
411,"A baseball team played 32 games. They won 24 more than they lost. How many did they win? Please reason step by step, and put your final answer within \boxed{answer} as an integer.",28
412,"A hockey team played 20 games. They won 10 more than they lost. How many did they win? Please reason step by step, and put your final answer within \boxed{answer} as an integer.",15
413,"A hockey team played 30 games. They won 26 more than they lost. How many did they win? Please reason step by step, and put your final answer within \boxed{answer} as an integer.",28
414,"A volleyball team played 18 matches. They won 2 more than they lost. How many did they win? Please reason step by step, and put your final answer within \boxed{answer} as an integer.",10
415,"A football team played 32 games. They won 28 more than they lost. How many did they win? Please reason step by step, and put your final answer within \boxed{answer} as an integer.",30
416,"A soccer team played 32 matches. They won 6 more than they lost. How many did they win? Please reason step by step, and put your final answer within \boxed{answer} as an integer.",19
417,"A hockey team played 20 games. They won 8 more than they lost. How many did they win? Please reason step by step, and put your final answer within \boxed{answer} as an integer.",14
418,"A baseball team played 24 games. They won 4 more than they lost. How many did they win? Please reason step by step, and put your final answer within \boxed{answer} as an integer.",14
419,"A baseball team played 28 games. They won 6 more than they lost. How many did they win? Please reason step by step, and put your final answer within \boxed{answer} as an integer.",17
420,"A hockey team played 28 games. They won 14 more than they lost. How many did they win? Please reason step by step, and put your final answer within \boxed{answer} as an integer.",21
421,"A basketball team played 16 games. They won 8 more than they lost. How many did they win? Please reason step by step, and put your final answer within \boxed{answer} as an integer.",12
422,"A baseball team played 18 games. They won 10 more than they lost. How many did they win? Please reason step by step, and put your final answer within \boxed{answer} as an integer.",14
423,"A soccer team played 30 matches. They won 26 more than they lost. How many did they win? Please reason step by step, and put your final answer within \boxed{answer} as an integer.",28
424,"A football team played 24 games. They won 6 more than they lost. How many did they win? Please reason step by step, and put your final answer within \boxed{answer} as an integer.",15
425,"A football team played 16 games. They won 6 more than they lost. How many did they win? Please reason step by step, and put your final answer within \boxed{answer} as an integer.",11
426,"A soccer team played 16 matches. They won 2 more than they lost. How many did they win? Please reason step by step, and put your final answer within \boxed{answer} as an integer.",9
427,"A baseball team played 20 games. They won 6 more than they lost. How many did they win? Please reason step by step, and put your final answer within \boxed{answer} as an integer.",13
428,"A football team played 30 games. They won 6 more than they lost. How many did they win? Please reason step by step, and put your final answer within \boxed{answer} as an integer.",18
429,"A hockey team played 32 games. They won 24 more than they lost. How many did they win? Please reason step by step, and put your final answer within \boxed{answer} as an integer.",28
430,"A football team played 18 games. They won 10 more than they lost. How many did they win? Please reason step by step, and put your final answer within \boxed{answer} as an integer.",14
431,"A baseball team played 24 games. They won 8 more than they lost. How many did they win? Please reason step by step, and put your final answer within \boxed{answer} as an integer.",16
432,"A volleyball team played 26 matches. They won 22 more than they lost. How many did they win? Please reason step by step, and put your final answer within \boxed{answer} as an integer.",24
433,"A football team played 22 games. They won 14 more than they lost. How many did they win? Please reason step by step, and put your final answer within \boxed{answer} as an integer.",18
434,"A football team played 24 games. They won 16 more than they lost. How many did they win? Please reason step by step, and put your final answer within \boxed{answer} as an integer.",20
435,"A baseball team played 26 games. They won 14 more than they lost. How many did they win? Please reason step by step, and put your final answer within \boxed{answer} as an integer.",20
436,"A football team played 16 games. They won 6 more than they lost. How many did they win? Please reason step by step, and put your final answer within \boxed{answer} as an integer.",11
437,"A football team played 28 games. They won 10 more than they lost. How many did they win? Please reason step by step, and put your final answer within \boxed{answer} as an integer.",19
438,"A baseball team played 20 games. They won 14 more than they lost. How many did they win? Please reason step by step, and put your final answer within \boxed{answer} as an integer.",17
439,"A volleyball team played 20 matches. They won 16 more than they lost. How many did they win? Please reason step by step, and put your final answer within \boxed{answer} as an integer.",18
440,"A baseball team played 16 games. They won 4 more than they lost. How many did they win? Please reason step by step, and put your final answer within \boxed{answer} as an integer.",10
441,"A basketball team played 30 games. They won 14 more than they lost. How many did they win? Please reason step by step, and put your final answer within \boxed{answer} as an integer.",22
442,"A basketball team played 24 games. They won 14 more than they lost. How many did they win? Please reason step by step, and put your final answer within \boxed{answer} as an integer.",19
443,"A baseball team played 26 games. They won 2 more than they lost. How many did they win? Please reason step by step, and put your final answer within \boxed{answer} as an integer.",14
444,"A volleyball team played 18 matches. They won 6 more than they lost. How many did they win? Please reason step by step, and put your final answer within \boxed{answer} as an integer.",12
445,"A football team played 22 games. They won 14 more than they lost. How many did they win? Please reason step by step, and put your final answer within \boxed{answer} as an integer.",18
446,"A volleyball team played 18 matches. They won 2 more than they lost. How many did they win? Please reason step by step, and put your final answer within \boxed{answer} as an integer.",10
447,"A volleyball team played 24 matches. They won 6 more than they lost. How many did they win? Please reason step by step, and put your final answer within \boxed{answer} as an integer.",15
448,"A hockey team played 32 games. They won 6 more than they lost. How many did they win? Please reason step by step, and put your final answer within \boxed{answer} as an integer.",19
449,"A basketball team played 30 games. They won 20 more than they lost. How many did they win? Please reason step by step, and put your final answer within \boxed{answer} as an integer.",25
450,"A baseball team played 22 games. They won 14 more than they lost. How many did they win? Please reason step by step, and put your final answer within \boxed{answer} as an integer.",18
451,"A soccer team played 28 matches. They won 4 more than they lost. How many did they win? Please reason step by step, and put your final answer within \boxed{answer} as an integer.",16
452,"A volleyball team played 32 matches. They won 14 more than they lost. How many did they win? Please reason step by step, and put your final answer within \boxed{answer} as an integer.",23
453,"A baseball team played 22 games. They won 16 more than they lost. How many did they win? Please reason step by step, and put your final answer within \boxed{answer} as an integer.",19
454,"A soccer team played 18 matches. They won 8 more than they lost. How many did they win? Please reason step by step, and put your final answer within \boxed{answer} as an integer.",13
455,"A basketball team played 22 games. They won 4 more than they lost. How many did they win? Please reason step by step, and put your final answer within \boxed{answer} as an integer.",13
456,"A basketball team played 16 games. They won 10 more than they lost. How many did they win? Please reason step by step, and put your final answer within \boxed{answer} as an integer.",13
457,"A hockey team played 20 games. They won 4 more than they lost. How many did they win? Please reason step by step, and put your final answer within \boxed{answer} as an integer.",12
458,"A volleyball team played 30 matches. They won 18 more than they lost. How many did they win? Please reason step by step, and put your final answer within \boxed{answer} as an integer.",24
459,"A hockey team played 20 games. They won 10 more than they lost. How many did they win? Please reason step by step, and put your final answer within \boxed{answer} as an integer.",15
460,"A hockey team played 28 games. They won 18 more than they lost. How many did they win? Please reason step by step, and put your final answer within \boxed{answer} as an integer.",23
461,"A baseball team played 32 games. They won 6 more than they lost. How many did they win? Please reason step by step, and put your final answer within \boxed{answer} as an integer.",19
462,"A football team played 26 games. They won 22 more than they lost. How many did they win? Please reason step by step, and put your final answer within \boxed{answer} as an integer.",24
463,"A soccer team played 20 matches. They won 8 more than they lost. How many did they win? Please reason step by step, and put your final answer within \boxed{answer} as an integer.",14
464,"A basketball team played 28 games. They won 24 more than they lost. How many did they win? Please reason step by step, and put your final answer within \boxed{answer} as an integer.",26
465,"A hockey team played 32 games. They won 12 more than they lost. How many did they win? Please reason step by step, and put your final answer within \boxed{answer} as an integer.",22
466,"A basketball team played 22 games. They won 18 more than they lost. How many did they win? Please reason step by step, and put your final answer within \boxed{answer} as an integer.",20
467,"A basketball team played 32 games. They won 20 more than they lost. How many did they win? Please reason step by step, and put your final answer within \boxed{answer} as an integer.",26
468,"A hockey team played 28 games. They won 16 more than they lost. How many did they win? Please reason step by step, and put your final answer within \boxed{answer} as an integer.",22
469,"A soccer team played 32 matches. They won 22 more than they lost. How many did they win? Please reason step by step, and put your final answer within \boxed{answer} as an integer.",27
470,"A basketball team played 32 games. They won 26 more than they lost. How many did they win? Please reason step by step, and put your final answer within \boxed{answer} as an integer.",29
471,"A hockey team played 30 games. They won 12 more than they lost. How many did they win? Please reason step by step, and put your final answer within \boxed{answer} as an integer.",21
472,"A hockey team played 24 games. They won 10 more than they lost. How many did they win? Please reason step by step, and put your final answer within \boxed{answer} as an integer.",17
473,"A baseball team played 30 games. They won 16 more than they lost. How many did they win? Please reason step by step, and put your final answer within \boxed{answer} as an integer.",23
474,"A soccer team played 18 matches. They won 10 more than they lost. How many did they win? Please reason step by step, and put your final answer within \boxed{answer} as an integer.",14
475,"A football team played 24 games. They won 14 more than they lost. How many did they win? Please reason step by step, and put your final answer within \boxed{answer} as an integer.",19
476,"A hockey team played 18 games. They won 4 more than they lost. How many did they win? Please reason step by step, and put your final answer within \boxed{answer} as an integer.",11
477,"A baseball team played 28 games. They won 4 more than they lost. How many did they win? Please reason step by step, and put your final answer within \boxed{answer} as an integer.",16
478,"A baseball team played 26 games. They won 14 more than they lost. How many did they win? Please reason step by step, and put your final answer within \boxed{answer} as an integer.",20
479,"A basketball team played 28 games. They won 6 more than they lost. How many did they win? Please reason step by step, and put your final answer within \boxed{answer} as an integer.",17
480,"A volleyball team played 18 matches. They won 8 more than they lost. How many did they win? Please reason step by step, and put your final answer within \boxed{answer} as an integer.",13
481,"A volleyball team played 24 matches. They won 10 more than they lost. How many did they win? Please reason step by step, and put your final answer within \boxed{answer} as an integer.",17
482,"A volleyball team played 18 matches. They won 4 more than they lost. How many did they win? Please reason step by step, and put your final answer within \boxed{answer} as an integer.",11
483,"A soccer team played 20 matches. They won 6 more than they lost. How many did they win? Please reason step by step, and put your final answer within \boxed{answer} as an integer.",13
484,"A soccer team played 24 matches. They won 2 more than they lost. How many did they win? Please reason step by step, and put your final answer within \boxed{answer} as an integer.",13
485,"A hockey team played 22 games. They won 8 more than they lost. How many did they win? Please reason step by step, and put your final answer within \boxed{answer} as an integer.",15
486,"A basketball team played 22 games. They won 16 more than they lost. How many did they win? Please reason step by step, and put your final answer within \boxed{answer} as an integer.",19
487,"A baseball team played 20 games. They won 14 more than they lost. How many did they win? Please reason step by step, and put your final answer within \boxed{answer} as an integer.",17
488,"A basketball team played 30 games. They won 24 more than they lost. How many did they win? Please reason step by step, and put your final answer within \boxed{answer} as an integer.",27
489,"A basketball team played 30 games. They won 18 more than they lost. How many did they win? Please reason step by step, and put your final answer within \boxed{answer} as an integer.",24
490,"A volleyball team played 18 matches. They won 14 more than they lost. How many did they win? Please reason step by step, and put your final answer within \boxed{answer} as an integer.",16
491,"A football team played 24 games. They won 8 more than they lost. How many did they win? Please reason step by step, and put your final answer within \boxed{answer} as an integer.",16
492,"A baseball team played 24 games. They won 14 more than they lost. How many did they win? Please reason step by step, and put your final answer within \boxed{answer} as an integer.",19
493,"A baseball team played 20 games. They won 16 more than they lost. How many did they win? Please reason step by step, and put your final answer within \boxed{answer} as an integer.",18
494,"A basketball team played 32 games. They won 6 more than they lost. How many did they win? Please reason step by step, and put your final answer within \boxed{answer} as an integer.",19
495,"A hockey team played 24 games. They won 8 more than they lost. How many did they win? Please reason step by step, and put your final answer within \boxed{answer} as an integer.",16
496,"A basketball team played 32 games. They won 12 more than they lost. How many did they win? Please reason step by step, and put your final answer within \boxed{answer} as an integer.",22
497,"A football team played 20 games. They won 8 more than they lost. How many did they win? Please reason step by step, and put your final answer within \boxed{answer} as an integer.",14
498,"A basketball team played 28 games. They won 8 more than they lost. How many did they win? Please reason step by step, and put your final answer within \boxed{answer} as an integer.",18
499,"A soccer team played 32 matches. They won 8 more than they lost. How many did they win? Please reason step by step, and put your final answer within \boxed{answer} as an integer.",20
